spawn_time;x_pos;y_pos;trajectory_type;trajectory_scale;trajectory_period;has_rotation;rotation_period;rotation_time
2.6776182156354453;-24.955027532096995;-19.842770465052705;Spiral;10;4;False;3;0.5
5.976109013789453;-10.113492527485807;-42.71428845763888;HorizontalZigZag;10;4;True;3;0.5
9.050092737423007;16.646082787539495;20.953406287369592;Spiral;10;4;True;3;0.5
12.573769763458222;-18.51168799790863;15.705699375139847;HorizontalZigZag;10;4;False;3;0.5
15.48276548376932;-6.840541154044777;-32.78228718001258;Linear;10;4;True;3;0.5
18.230102783903874;11.215954901322073;-8.656175044538161;HorizontalZigZag;10;4;True;3;0.5
21.42526208047697;12.90756903787303;-16.871976485968222;VerticalZigZag;10;4;True;3;0.5
24.56452590071075;1.8669175852659703;20.64893010712886;Linear;10;4;True;3;0.5
28.219437000715473;-1.2446342765040697;-11.733515786419591;Linear;10;4;False;3;0.5
30.75207654754723;22.26071011001462;47.94465253478031;Spiral;10;4;False;3;0.5
34.23604348967935;21.90408691758175;-0.01897359189397818;Linear;10;4;True;3;0.5
36.757246738743525;-23.337810862445757;-12.256802851563709;Linear;10;4;False;3;0.5
39.638227092983655;3.227688889710034;-30.14439551793697;Linear;10;4;False;3;0.5
43.26309228121051;16.19130138543781;24.10613138177544;Linear;10;4;True;3;0.5
46.13581136018308;-6.029931853659798;39.68057297271048;Linear;10;4;True;3;0.5
49.31986647649207;14.669327021537882;-31.207865636749098;HorizontalZigZag;10;4;True;3;0.5
53.20716621948186;-10.962808296537352;25.888280127370123;Linear;10;4;True;3;0.5
57.102095094623785;24.18409762169112;-13.050773991336529;Linear;10;4;True;3;0.5
60.73252111249315;10.980632333009039;-48.28332729103752;HorizontalZigZag;10;4;True;3;0.5
63.323387666548875;-9.50908170408259;49.43715736076059;VerticalZigZag;10;4;True;3;0.5
66.76740545250905;-13.864190884996425;39.164197033219715;VerticalZigZag;10;4;True;3;0.5
69.93845659965051;-11.963231628709636;14.489704074291998;VerticalZigZag;10;4;False;3;0.5
73.01788565776371;16.944717707900462;38.48384362832421;Linear;10;4;False;3;0.5
75.95774563435981;13.318763165361124;38.18972115225354;HorizontalZigZag;10;4;True;3;0.5
79.06494989125432;-21.168593605878456;-14.641931017575748;HorizontalZigZag;10;4;True;3;0.5
81.94294855939617;0.8149574302941553;27.897712450703782;HorizontalZigZag;10;4;False;3;0.5
84.28443962827363;-2.510872096117028;-23.40419951364131;VerticalZigZag;10;4;True;3;0.5
88.11946860802703;-6.934914632466804;-22.344595800294986;Linear;10;4;False;3;0.5
90.20975320632846;-23.934933733678378;13.547868248805017;Linear;10;4;False;3;0.5
93.59093194909475;15.762837379787598;-33.853203255196284;Linear;10;4;True;3;0.5
97.19739356419635;4.629414986490133;-4.448538198594843;Spiral;10;4;False;3;0.5
101.05023211508572;15.537370923874821;1.759363751953713;Linear;10;4;False;3;0.5
103.3658904454217;-9.97322186482988;-22.852515517291717;Linear;10;4;False;3;0.5
106.97461148962303;-10.939771058439412;12.345824845124842;Linear;10;4;True;3;0.5
110.13052788029029;-12.3805815256205;-43.58261911471938;VerticalZigZag;10;4;True;3;0.5
113.7475468499987;-6.222852658962924;-19.765572079634165;Spiral;10;4;False;3;0.5
116.4991676125777;3.7142104041837545;-10.140246341363978;VerticalZigZag;10;4;False;3;0.5
119.88060287472369;10.127269962419161;42.58868890985838;Linear;10;4;False;3;0.5
123.4564269401232;11.187708158714422;-12.007491440203989;VerticalZigZag;10;4;True;3;0.5
126.28124966392173;-5.758405901466757;33.63738276955021;Spiral;10;4;True;3;0.5
129.60135207459953;-8.264747745194883;18.19924117579339;HorizontalZigZag;10;4;True;3;0.5
131.81991481561664;-3.186841406010843;-17.582589800011984;Linear;10;4;False;3;0.5
134.826592731971;-7.449345945963515;24.040088827363604;HorizontalZigZag;10;4;True;3;0.5
137.05670776216527;-15.643879773262038;22.399292065373377;HorizontalZigZag;10;4;False;3;0.5
139.5823728655402;18.97644677817433;-34.55119675490914;Linear;10;4;False;3;0.5
141.76563929655234;-18.0086587843956;35.76059707635767;Spiral;10;4;True;3;0.5
145.41355275517898;4.492343047499059;-6.246076270363221;Spiral;10;4;False;3;0.5
147.44035057963907;-9.230274710493974;34.46767653132977;Linear;10;4;False;3;0.5
150.1578946682428;4.100218932131883;40.43821645897487;VerticalZigZag;10;4;True;3;0.5
153.0770769756953;14.385400535082942;-8.527781013594682;Linear;10;4;False;3;0.5
156.71463271111176;3.659974733492244;-9.932031343858117;Linear;10;4;True;3;0.5
159.82423679437926;7.738017627547478;18.520302374389797;Linear;10;4;True;3;0.5
163.06606820537013;-18.83740955999799;12.84310889828333;VerticalZigZag;10;4;False;3;0.5
165.317409721994;0.12104355415741841;-47.46098910109018;Linear;10;4;False;3;0.5
168.79913912690336;5.3206028397019605;15.659310023237138;HorizontalZigZag;10;4;True;3;0.5
171.97514589913214;-4.946019858095879;30.21183032305568;Linear;10;4;False;3;0.5
174.7834608676751;19.956207940178782;1.8874070649119945;Linear;10;4;True;3;0.5
177.20668208222037;8.207037187320182;-11.166576516450622;Linear;10;4;False;3;0.5
179.73265221632718;20.444448803099093;-12.970421620428208;Linear;10;4;True;3;0.5
182.507947586628;2.5167277454650416;30.57773752034705;Linear;10;4;True;3;0.5
186.15002104147345;14.807205463645634;44.52367812855251;Linear;10;4;True;3;0.5
188.98996340894251;-18.791149120329642;34.66663164807776;VerticalZigZag;10;4;False;3;0.5
192.8007026425035;-7.001174645862846;29.845008448706178;Linear;10;4;False;3;0.5
195.39671174272422;23.296977926166935;-20.389052606473367;Linear;10;4;True;3;0.5
198.1434539795682;8.317555126381738;-2.9657060547994885;Linear;10;4;False;3;0.5
200.5509529712577;-10.360741303101772;-33.8879181631094;VerticalZigZag;10;4;False;3;0.5
203.49785656807748;5.712676454623889;29.866879959533343;Linear;10;4;True;3;0.5
206.91081857068127;-19.752103396391778;25.780953815134712;Linear;10;4;False;3;0.5
210.38510837811612;-12.977304556179092;27.48166918105347;HorizontalZigZag;10;4;False;3;0.5
212.42731592605227;4.244948867837412;-0.22306556737922145;Spiral;10;4;True;3;0.5
216.06601558674322;-22.15890706592954;17.603401092723136;Linear;10;4;True;3;0.5
218.87716530762668;-0.47429885987065323;38.20615833730186;VerticalZigZag;10;4;False;3;0.5
221.80003572713704;20.103445820812528;-7.1229193315169965;Linear;10;4;False;3;0.5
224.17688078980686;8.911909986219818;41.451887832518494;Linear;10;4;True;3;0.5
227.52761870639733;8.49938177895002;41.381321968671834;HorizontalZigZag;10;4;True;3;0.5
231.42820823629287;-11.326012005850544;-44.42198877321242;HorizontalZigZag;10;4;False;3;0.5
234.00311115115932;10.652999136430402;10.43257808138608;Linear;10;4;False;3;0.5
237.4889950996026;-17.483185063098016;-25.558893800550596;Linear;10;4;False;3;0.5
240.07388230017608;17.237759363716226;40.44796965023244;Linear;10;4;True;3;0.5
242.57032548485944;12.600545691153819;-2.492779072608342;VerticalZigZag;10;4;True;3;0.5
245.20686683317578;0.8823489522158778;-12.754282155200558;HorizontalZigZag;10;4;False;3;0.5
247.4195030120837;-21.004539202114923;-22.676832341336052;HorizontalZigZag;10;4;False;3;0.5
250.01312851278206;-5.027050267061245;-35.0940728294583;HorizontalZigZag;10;4;False;3;0.5
253.9573344285605;-18.21721730860747;21.64063673481137;Linear;10;4;False;3;0.5
256.5331751830678;11.30215196802764;-16.260227189657428;Linear;10;4;False;3;0.5
259.041089510171;15.777957710229218;6.6266140668685525;Linear;10;4;True;3;0.5
262.0508248815213;24.83027431321847;44.21485423659471;VerticalZigZag;10;4;False;3;0.5
265.39759395123195;3.8679883900337773;27.473292153952976;Linear;10;4;False;3;0.5
269.3915582300072;17.502675616442474;-1.1617467271641035;HorizontalZigZag;10;4;True;3;0.5
272.4058354759563;21.566172126984505;47.26099466319466;Linear;10;4;True;3;0.5
274.9664254431338;15.683340400522738;-37.22882836583763;HorizontalZigZag;10;4;False;3;0.5
277.49183245062335;-16.617201648705976;21.850533612616907;Linear;10;4;True;3;0.5
281.20824079699577;19.094985777346547;-23.76696694767618;HorizontalZigZag;10;4;True;3;0.5
283.91521258366066;-19.50150321887924;30.031217194523098;Linear;10;4;True;3;0.5
286.761795077939;-23.737178641070134;-11.198760736679404;VerticalZigZag;10;4;False;3;0.5
289.39796000353056;-19.168247268269422;20.786738758285985;VerticalZigZag;10;4;False;3;0.5
292.08501390781464;12.92264391918702;34.24392954141739;VerticalZigZag;10;4;True;3;0.5
295.32905365790657;-19.88812643107497;1.6433781947868598;Linear;10;4;True;3;0.5
298.3119146649752;24.922338939157175;-20.938277452390487;VerticalZigZag;10;4;True;3;0.5
300.9906625914437;-12.968555972435608;-19.889905755161543;Spiral;10;4;True;3;0.5
303.4918463591606;-15.459055809432948;2.4747741621633845;VerticalZigZag;10;4;False;3;0.5
305.97956531182274;-14.020956252116157;-22.513300821125526;HorizontalZigZag;10;4;False;3;0.5
307.99825296238936;-1.1642140273578017;0.8371436046830993;VerticalZigZag;10;4;False;3;0.5
311.62954933569813;0.041871380075408915;-36.9145815025114;Linear;10;4;False;3;0.5
314.1912920958914;-5.015921914837906;-4.024317499312624;VerticalZigZag;10;4;True;3;0.5
317.9007524780904;18.027696250086883;-17.96401759222239;Linear;10;4;True;3;0.5
320.66399826110023;6.59081015347136;-17.225969442087454;Linear;10;4;False;3;0.5
323.36250625506284;-20.55963036892473;12.698581802443554;VerticalZigZag;10;4;True;3;0.5
326.4331353603936;2.889493277738453;-14.20090021673196;VerticalZigZag;10;4;False;3;0.5
330.2921929770592;-6.57950330041221;13.930364990423206;VerticalZigZag;10;4;True;3;0.5
332.4003073552349;-14.761819308235967;10.033764196069484;Linear;10;4;False;3;0.5
334.74308128415936;-18.855340140014498;-2.0307826029046683;Linear;10;4;False;3;0.5
336.8745628311173;-22.560948931144754;-0.495959319629502;VerticalZigZag;10;4;False;3;0.5
340.5620178359587;-2.8824661283076205;37.47648615708123;Linear;10;4;True;3;0.5
342.81297815366617;10.100396275490958;-7.064613324881764;Linear;10;4;False;3;0.5
346.7935310399958;-4.722597941687784;-13.435712506584208;Linear;10;4;False;3;0.5
348.98371674949766;-2.71788488062123;25.162262225945973;HorizontalZigZag;10;4;True;3;0.5
351.08976011433344;22.603189852820275;36.45346530392265;HorizontalZigZag;10;4;True;3;0.5
354.2556505389368;1.9486945618924223;-24.11734708836082;Linear;10;4;False;3;0.5
357.87305417797353;-0.6348221405027943;-22.156876055839938;Spiral;10;4;False;3;0.5
361.3486479731599;-24.658521333754564;9.3223861617307;HorizontalZigZag;10;4;True;3;0.5
363.800699589301;9.687785660789029;-19.796757799604414;Linear;10;4;True;3;0.5
367.2871026110465;19.998810757230608;-10.889453932861759;HorizontalZigZag;10;4;True;3;0.5
369.86852260613;-9.868937941403367;-20.918581497797962;Linear;10;4;False;3;0.5
372.6471888247956;16.432792152724733;25.027777562478448;Linear;10;4;False;3;0.5
375.3022663549009;-10.153245333858418;-13.400675291990282;Linear;10;4;True;3;0.5
378.80154990155967;16.75469494796713;-35.7780652879506;Linear;10;4;True;3;0.5
380.902230313661;9.200284949583265;-40.72420870265986;HorizontalZigZag;10;4;False;3;0.5
384.6056409080753;1.5385438035331878;33.54366057258095;Linear;10;4;False;3;0.5
388.48414045168084;-20.58758350131586;45.22441266279817;Linear;10;4;True;3;0.5
390.87114875353166;-8.736779210858343;-20.379890773999566;HorizontalZigZag;10;4;True;3;0.5
394.74588304859503;23.609407314351706;32.14181651587944;Linear;10;4;False;3;0.5
396.92655303778423;-1.4408976924259798;19.167203217569686;Linear;10;4;True;3;0.5
399.0892842311421;0.9043696311858751;2.636122544036834;Linear;10;4;True;3;0.5
402.2613668771345;22.130633002802348;-34.30280270125571;HorizontalZigZag;10;4;False;3;0.5
405.68312421009307;-15.602850013164277;6.785746716401553;HorizontalZigZag;10;4;True;3;0.5
407.7268202239647;-20.011886682403112;-3.4002024305283873;Linear;10;4;True;3;0.5
410.8137625061634;4.995353925926921;23.201687735040476;Linear;10;4;False;3;0.5
414.79578580761444;18.77419851050788;-30.153234222951497;Linear;10;4;False;3;0.5
417.6847220047137;-6.310910767100158;-46.12122721482906;VerticalZigZag;10;4;False;3;0.5
420.42740560518104;-18.44629683716048;-7.7715706618128095;Linear;10;4;False;3;0.5
424.38675757022827;-15.006566769130409;37.56150501715122;Linear;10;4;False;3;0.5
427.7601377260954;23.81817838919983;39.41380057638161;Linear;10;4;False;3;0.5
431.41841384890046;-7.837916884960322;31.01557858471059;VerticalZigZag;10;4;False;3;0.5
434.26217426071105;-10.556672996319334;-5.984443398565597;VerticalZigZag;10;4;False;3;0.5
437.63337968552963;-17.18723370575613;-15.937051953592253;Spiral;10;4;True;3;0.5
439.67562533724424;23.903812568191885;36.315638466455724;HorizontalZigZag;10;4;True;3;0.5
443.3202878477341;-21.871803047009607;25.76241010605559;Linear;10;4;True;3;0.5
446.38881516631795;11.536820747600279;19.782976463360423;Linear;10;4;True;3;0.5
450.33906614545265;-18.63632531153111;-44.959549425890664;HorizontalZigZag;10;4;False;3;0.5
454.1238077087747;2.100950497068693;17.945800942936508;VerticalZigZag;10;4;False;3;0.5
456.4836018997421;16.450088191910066;24.164847231644337;VerticalZigZag;10;4;True;3;0.5
460.0867689780997;-20.972813641702913;-2.619916351682916;Linear;10;4;True;3;0.5
463.4148507784783;0.13865855131198201;40.710115069882846;Linear;10;4;False;3;0.5
466.3813603172757;24.252610310308903;-17.981937582913066;HorizontalZigZag;10;4;True;3;0.5
468.69765872876377;-5.165925706764263;1.6036431272460128;Linear;10;4;False;3;0.5
472.045146376849;21.6261395398665;40.38232119111736;Linear;10;4;False;3;0.5
475.298965581035;-5.708006756822831;15.28260256639945;VerticalZigZag;10;4;False;3;0.5
478.0809301659122;22.116722894919498;-26.30682039751415;Linear;10;4;False;3;0.5
480.2043085256209;-24.678858613972643;25.618980029708148;Spiral;10;4;False;3;0.5
483.1955913620655;15.024433137493837;45.91305543698893;HorizontalZigZag;10;4;True;3;0.5
486.4730811790502;11.244043929909624;13.99498150475048;HorizontalZigZag;10;4;False;3;0.5
489.2565062549333;0.8714322523468154;-42.12140269845389;VerticalZigZag;10;4;True;3;0.5
491.3134398513762;1.68601533645919;46.87782382284807;VerticalZigZag;10;4;True;3;0.5
494.61011163789766;-23.412726775177717;-47.901267001496684;HorizontalZigZag;10;4;False;3;0.5
498.14827766054685;5.701452363521941;-18.48676841385525;HorizontalZigZag;10;4;False;3;0.5
501.9740796074446;5.55508005842591;19.62753833373647;HorizontalZigZag;10;4;True;3;0.5
504.63169809916553;-19.509042597971593;2.2754898127616996;Linear;10;4;False;3;0.5
508.191316194681;-18.40082235818226;40.120326825251894;VerticalZigZag;10;4;False;3;0.5
510.80172448832394;9.83751722955118;-28.56519249728482;Linear;10;4;True;3;0.5
514.5829824995441;-13.378756659553147;-14.777586671126318;Linear;10;4;True;3;0.5
517.7065878099221;-0.07248777805277107;36.79644266013635;Linear;10;4;False;3;0.5
521.5466268811076;-12.649844230124375;-10.281935059006674;VerticalZigZag;10;4;False;3;0.5
524.3976769785545;23.631383357101125;-31.009505254072746;Linear;10;4;False;3;0.5
527.5711401010818;-4.778405373595618;49.96605705265357;VerticalZigZag;10;4;False;3;0.5
529.9897048972676;4.703656757253144;6.986199419737826;VerticalZigZag;10;4;False;3;0.5
532.9954963907733;9.805441861968605;-12.056381407887873;HorizontalZigZag;10;4;True;3;0.5
536.2268850445905;-8.163314971096442;40.302491083912365;Linear;10;4;True;3;0.5
539.5309380586485;-3.6423209193247317;-0.2946159067286125;Linear;10;4;True;3;0.5
543.2382358709561;12.049164065702827;-47.32880705166889;Linear;10;4;False;3;0.5
546.0815686165024;24.85353396806928;17.545427774535703;Spiral;10;4;True;3;0.5
549.7544580242699;-12.343940650207108;-37.3895842837201;Linear;10;4;False;3;0.5
552.0913960823442;1.613420326488657;27.456200317637002;HorizontalZigZag;10;4;False;3;0.5
555.668495974972;-20.43097346725075;42.74937437712596;Linear;10;4;True;3;0.5
559.1747605502942;21.753021883257844;-10.29557398129799;Linear;10;4;False;3;0.5
561.8440611039247;-3.028840219647222;-48.13493995550833;Spiral;10;4;False;3;0.5
564.4489371576161;10.30150401234214;30.421365296406087;Linear;10;4;True;3;0.5
567.2948857296726;-22.873402762153688;8.001313254486252;HorizontalZigZag;10;4;False;3;0.5
570.2976277384669;-0.7586110133422141;-49.227573718716755;Linear;10;4;True;3;0.5
573.7566766740725;11.210014774600097;44.670350925718374;VerticalZigZag;10;4;False;3;0.5
576.4383312641593;-16.171800768414673;12.189864502604685;Linear;10;4;False;3;0.5
579.7184393882394;1.590894616327898;22.08101675200107;Linear;10;4;True;3;0.5
582.0327388502334;1.3644673587184353;-24.73507920643018;Linear;10;4;True;3;0.5
585.9149526607509;20.248308315122948;-36.444562756367674;VerticalZigZag;10;4;False;3;0.5
588.3518457369469;14.229090554107504;-33.0008342257212;Linear;10;4;False;3;0.5
590.3537742182887;17.240740945787824;27.156761934287765;Linear;10;4;True;3;0.5
594.1278940685568;11.932204768939103;3.2200401167659654;VerticalZigZag;10;4;True;3;0.5
597.3914832355754;9.902848544499642;-45.45495796919003;Linear;10;4;False;3;0.5
600.8805002248283;-18.214665756653964;-17.99668043145246;Linear;10;4;False;3;0.5
603.6268258283146;-19.05738899295176;36.41388779877389;Linear;10;4;True;3;0.5
606.5817824115433;-7.119936815929517;-0.7726742023531963;Linear;10;4;False;3;0.5
609.1513128201462;-18.300248904200206;43.104091687881365;Linear;10;4;False;3;0.5
611.6846327505647;24.382034945060703;-42.24712628453473;VerticalZigZag;10;4;True;3;0.5
615.0286142366245;-19.709626764186496;22.762952414174855;Linear;10;4;False;3;0.5
618.6424017326635;-24.486299615891046;3.1242167593784287;Linear;10;4;False;3;0.5
621.3030688986034;7.788083858663086;9.122276813676343;VerticalZigZag;10;4;True;3;0.5
624.2440345954327;24.24372267296405;26.50303835189761;HorizontalZigZag;10;4;False;3;0.5
627.9974577503197;-16.92724586836104;-44.91179425714853;Linear;10;4;False;3;0.5
630.4862391040654;-9.261900189249111;-31.011182107689848;Linear;10;4;True;3;0.5
633.3755857113762;-0.6127424213847987;22.036916049243537;HorizontalZigZag;10;4;False;3;0.5
635.5119316317656;-3.2845691210679426;7.51889380577685;VerticalZigZag;10;4;True;3;0.5
637.7117014966905;19.220170007253824;40.72085880551115;VerticalZigZag;10;4;False;3;0.5
640.0720534589829;7.484909492712511;-30.649860751352666;Linear;10;4;False;3;0.5
642.6003086375998;6.943549914871827;43.01179470132186;HorizontalZigZag;10;4;False;3;0.5
644.9170084511975;-12.690277384917648;45.91249292672903;Linear;10;4;False;3;0.5
648.4675912214046;17.25633128274816;12.159049782442855;VerticalZigZag;10;4;False;3;0.5
651.5476342110737;-19.493365420612168;6.702139419914721;VerticalZigZag;10;4;True;3;0.5
654.3351974066638;24.009967363707286;-13.43016112571237;HorizontalZigZag;10;4;False;3;0.5
657.1728598828455;-15.07301040160537;-3.8947039441387;Linear;10;4;True;3;0.5
659.3921104645896;1.065011745624711;32.78089345281234;VerticalZigZag;10;4;True;3;0.5
662.5171993358434;7.509236637794292;-20.485248219959107;Spiral;10;4;True;3;0.5
664.7465215823327;13.601335579045031;-44.58879587925293;HorizontalZigZag;10;4;True;3;0.5
667.5935043912135;17.113300488074323;-10.764316519744177;HorizontalZigZag;10;4;True;3;0.5
671.005449554798;11.425955480298105;-43.233271116069105;Linear;10;4;False;3;0.5
674.832782660328;6.054266837453303;-32.58422017846265;Linear;10;4;False;3;0.5
678.8150578795808;4.88216047568793;-14.506081325937426;Linear;10;4;False;3;0.5
681.5208255588809;23.171884092245755;0.15599819935980808;Linear;10;4;True;3;0.5
685.3339698188643;13.622786347820426;-7.497832711112662;Linear;10;4;False;3;0.5
688.1946689546362;-10.833763291856464;-22.778370741484053;VerticalZigZag;10;4;True;3;0.5
691.7147855432975;-17.30142613456777;-42.08754376206111;Linear;10;4;False;3;0.5
694.124123326116;0.01564336473718342;30.635129034498686;Linear;10;4;False;3;0.5
696.8597631515859;9.952217965042575;41.92645543324151;Linear;10;4;False;3;0.5
699.7031657632044;-14.73442882671337;37.115036674956194;Linear;10;4;False;3;0.5
702.7871260568713;-21.68774157549716;46.99743624766148;HorizontalZigZag;10;4;False;3;0.5
706.6052353156161;23.22303622600923;-39.38736141910335;Linear;10;4;False;3;0.5
709.7875046616149;-1.090870035801067;28.0191427662018;Linear;10;4;True;3;0.5
712.5043942414933;11.26104020963734;-16.574614200900093;VerticalZigZag;10;4;True;3;0.5
715.8828249059372;7.173307566255632;-42.57218301651441;Spiral;10;4;True;3;0.5
717.9473138403639;6.759058498557552;18.536804281140483;VerticalZigZag;10;4;False;3;0.5
721.5256311452297;11.064213818280011;-24.19698483452082;Linear;10;4;False;3;0.5
724.7960572078543;11.57636069957953;-16.044071711336493;Linear;10;4;True;3;0.5
727.7724084068999;-24.8783878121212;-26.07383057567516;Linear;10;4;False;3;0.5
731.0364263746616;-10.342895662473516;7.747907766116324;VerticalZigZag;10;4;False;3;0.5
734.0047219492515;-11.400302395409001;30.244596639543396;Spiral;10;4;False;3;0.5
737.1395273247682;13.384843556230376;-11.389239711343645;Linear;10;4;False;3;0.5
739.6700087733217;-6.680381188276891;-11.46458095636419;Linear;10;4;True;3;0.5
743.1091254795671;-1.365636070901577;40.68790096575151;Linear;10;4;True;3;0.5
745.1541741244362;6.062432767420284;-14.675506081791179;Linear;10;4;True;3;0.5
748.2118917840661;-7.1724573683879465;-22.42035440656639;Linear;10;4;False;3;0.5
750.332936222978;-24.05732673012545;-17.468243163726616;Spiral;10;4;False;3;0.5
752.6289202899159;-16.03311757018666;-3.2135550543728297;Linear;10;4;False;3;0.5
755.5041807119849;-14.229738067807462;30.980633900814304;Linear;10;4;False;3;0.5
758.6801070637758;-6.9481826148544314;-46.15456278164775;VerticalZigZag;10;4;True;3;0.5
761.8949075807154;5.416848195340429;49.60433809214151;VerticalZigZag;10;4;False;3;0.5
765.5326604416256;-13.940656353695674;-8.440507609866366;Linear;10;4;False;3;0.5
769.4229388424426;-14.745591918777306;37.92558913963791;VerticalZigZag;10;4;True;3;0.5
772.3578948825342;-17.42104336215342;16.246895357419643;Linear;10;4;True;3;0.5
774.8049524531706;22.952240692231925;34.693766291207126;Linear;10;4;False;3;0.5
777.9884036523129;6.992848351390041;48.766115400587715;Linear;10;4;False;3;0.5
781.8459835108489;-4.108937235742793;-27.464228900875952;Spiral;10;4;False;3;0.5
784.2009131802349;-15.403359173475033;12.727851678264967;Linear;10;4;False;3;0.5
787.7032716573578;-18.414940317511842;41.88673575054184;Spiral;10;4;True;3;0.5
791.4877358492632;-15.06397108695458;-12.570998809123179;Linear;10;4;True;3;0.5
793.5236298457606;-16.109909458674863;-21.87926251457779;Spiral;10;4;False;3;0.5
797.1551055212385;18.991540766538996;47.990547498626235;Spiral;10;4;True;3;0.5
799.4006151732144;11.895873137351154;-0.45719010771272384;HorizontalZigZag;10;4;False;3;0.5
801.6294009202651;13.890446193120432;-3.348214308069841;Linear;10;4;True;3;0.5
803.6935926067441;11.251276461575438;34.49686976223496;Linear;10;4;False;3;0.5
806.8443344014102;9.624946262490875;46.05760767116522;Linear;10;4;True;3;0.5
809.1078369258137;-5.341104252746575;-34.72170537161462;Linear;10;4;True;3;0.5
812.507578276508;17.153164620628342;14.129394046563238;HorizontalZigZag;10;4;False;3;0.5
814.7785507280437;18.88326794079878;-20.650192772188692;Spiral;10;4;False;3;0.5
817.9961193921702;-10.133171797494956;49.31349493688554;Linear;10;4;True;3;0.5
821.3657889704834;-21.086215749573533;-38.93526971236167;Linear;10;4;True;3;0.5
824.3304463012528;3.4813166426956146;-42.369139505691564;Linear;10;4;True;3;0.5
827.0442030050548;6.129356691414012;32.85920653689844;Spiral;10;4;True;3;0.5
830.5364371640756;24.475066159381708;48.288835204530145;VerticalZigZag;10;4;False;3;0.5
833.8364284426493;17.885865593161636;-37.43108216024672;Linear;10;4;True;3;0.5
836.0450072788269;21.353109460205737;-42.470987523996364;HorizontalZigZag;10;4;False;3;0.5
839.762879892882;-24.727988364086233;15.309422965464947;VerticalZigZag;10;4;False;3;0.5
841.998292774451;3.7691489752467056;-20.740861013944123;Linear;10;4;True;3;0.5
845.0120868290853;3.0180942201195213;34.48631811582415;Linear;10;4;False;3;0.5
847.6684883205281;-4.719401139514806;-11.859412062208374;Linear;10;4;True;3;0.5
850.0052825785037;-14.385956939733058;-38.20281082639983;VerticalZigZag;10;4;False;3;0.5
852.0511288240739;8.69495255478438;45.41536164304;Spiral;10;4;False;3;0.5
854.1258407763132;21.370346322620552;18.441427070702655;HorizontalZigZag;10;4;False;3;0.5
858.0051805872155;-21.47881846227515;18.757127726997368;VerticalZigZag;10;4;False;3;0.5
860.6458536375495;-5.2188185539048915;-0.7925562808476894;Spiral;10;4;True;3;0.5
862.6510938708067;5.446390730022454;27.82614922768939;Linear;10;4;False;3;0.5
864.7305823145714;13.60988014482158;30.933386348932146;Spiral;10;4;False;3;0.5
867.961680429536;10.747553939758314;43.33995735924603;Linear;10;4;True;3;0.5
871.1354053529407;-18.837692611165423;48.47076937280207;Spiral;10;4;True;3;0.5
874.9658987836746;24.067327601732398;-0.42352031851125016;Linear;10;4;True;3;0.5
877.5558419100025;24.962378769499388;15.430365521685374;Linear;10;4;True;3;0.5
880.5933858505052;-11.252953637650847;-40.2550491495356;Spiral;10;4;True;3;0.5
884.5354112135972;1.108659773207804;9.411066776902832;Linear;10;4;False;3;0.5
887.6476243025892;21.318851007611784;-22.292382857361947;HorizontalZigZag;10;4;False;3;0.5
890.3166601522988;-9.92408264417472;-13.344802535497847;Linear;10;4;False;3;0.5
894.0592149837245;-4.4976541915414945;46.359451614024735;HorizontalZigZag;10;4;True;3;0.5
897.7013364637779;19.8707066190294;0.07794753079025663;Linear;10;4;False;3;0.5
901.5159405888459;-17.90483166389258;-11.700334809937507;Linear;10;4;True;3;0.5
903.5706042138075;-16.03367046316394;43.81509030930847;Linear;10;4;False;3;0.5
906.6501620292731;15.496573088167127;31.235672036495988;VerticalZigZag;10;4;False;3;0.5
910.1915173271916;17.385373616811535;9.992803862528088;HorizontalZigZag;10;4;True;3;0.5
913.7504400512928;-13.97475396759913;41.06440143320004;Linear;10;4;False;3;0.5
915.9430272967071;9.031872500831462;-39.332807485449074;Linear;10;4;True;3;0.5
919.0322534594866;14.408083022991397;-21.493125160906356;VerticalZigZag;10;4;True;3;0.5
921.9919616539864;10.647280760707423;39.74625698336144;VerticalZigZag;10;4;False;3;0.5
925.097655489078;12.944406217180992;32.3934150423886;VerticalZigZag;10;4;False;3;0.5
928.7074007907829;-22.791736025023635;-11.780617077184397;HorizontalZigZag;10;4;False;3;0.5
931.530651909829;15.35578043294783;-46.58532145824642;VerticalZigZag;10;4;True;3;0.5
935.2810223804968;-0.4526844047502643;-5.1224102342544935;Linear;10;4;True;3;0.5
937.6685795311637;13.608118992083213;49.27854477664303;Linear;10;4;True;3;0.5
940.6403141336751;13.479630798561226;13.81310491803971;Linear;10;4;False;3;0.5
942.9718442024291;15.087940811488238;-1.9564208612837697;HorizontalZigZag;10;4;False;3;0.5
945.5833808589248;-11.18740733791937;-39.416103886310374;Linear;10;4;False;3;0.5
948.6122651920732;18.646971617356623;32.15339403294426;Linear;10;4;False;3;0.5
952.065990669786;-11.446882107347434;-25.75848203520379;Linear;10;4;True;3;0.5
955.460590264877;6.453524931839421;45.86162253269919;Linear;10;4;False;3;0.5
958.5416604102043;-21.72859687713525;-5.398838034378195;VerticalZigZag;10;4;False;3;0.5
962.4328741691784;8.785886806371506;-46.292266351612554;Linear;10;4;True;3;0.5
965.4969729377091;17.784085403887335;25.572996956786476;Linear;10;4;True;3;0.5
969.3583414551814;-2.034051820207683;22.79775302084357;HorizontalZigZag;10;4;False;3;0.5
971.9861972644751;-21.797211426607273;21.25753518089781;Spiral;10;4;True;3;0.5
975.5652744267737;-16.96705888196044;27.254905211976165;Linear;10;4;True;3;0.5
977.588106519116;7.799420877902535;13.858782304153062;Linear;10;4;False;3;0.5
981.3158436437486;5.209691025273743;16.004742755579482;Linear;10;4;False;3;0.5
984.8085650454153;-13.637556350002189;-19.654081638051768;Linear;10;4;False;3;0.5
988.6339831503047;-16.64253074495988;-32.07718428406775;Linear;10;4;True;3;0.5
990.6968413770427;-4.829424609020783;10.31143588871004;Linear;10;4;True;3;0.5
993.2350543112968;14.958379129675997;-26.51637176322713;Linear;10;4;True;3;0.5
996.1475607135644;-3.7491070619632803;34.386434859666835;HorizontalZigZag;10;4;True;3;0.5
998.5295739329407;-4.337343779784536;-10.562750026421874;Linear;10;4;True;3;0.5
1001.6231072136652;-7.797520507376215;-28.26064994838121;VerticalZigZag;10;4;False;3;0.5
